full_name,mobile,gender,age,area,shop,address,category,family_size
Vitthal Jadhav,9823456701,Male,42,Dharampeth,Dharampeth Fair Price Shop 1,45 Ambazari Road Nagpur,BPL,5
Sunita Pawar,8734561290,Female,36,Dharampeth,Dharampeth Fair Price Shop 2,12 Sitabuldi Nagpur,APL,3
Ganesh Kulkarni,7654321980,Male,55,Dharampeth,Dharampeth Fair Price Shop 3,7 Dhantoli Nagpur,AAY,2
Meera Bhosale,9345678120,Female,29,Manewada,Manewada Fair Price Shop 1,88 Manewada Road Nagpur,BPL,4
Prakash Shinde,8123456790,Male,61,Manewada,Manewada Fair Price Shop 2,23 Wathoda Nagpur,AAY,1
Kavita Chavan,9871234560,Female,33,Manewada,Manewada Fair Price Shop 3,56 Besa Road Nagpur,APL,6
Nitin Jagtap,7896541230,Male,47,Manish Nagar,Manish Nagar Fair Price Shop 1,19 Manish Nagar Nagpur,BPL,3
Savita Wagh,8456123790,Female,39,Manish Nagar,Manish Nagar Fair Price Shop 2,34 Trimurti Nagar Nagpur,APL,4
Dattatray More,9765432180,Male,66,Manish Nagar,Manish Nagar Fair Price Shop 3,5 Pratap Nagar Nagpur,AAY,2
Rekha Gaikwad,8912345670,Female,44,Dharampeth,Dharampeth Fair Price Shop 1,100 Ramdaspeth Nagpur,BPL,5
