head_mobile,member_name,gender,age,relationship
9823456701,Sunita Jadhav,Female,38,Spouse
9823456701,Rahul Jadhav,Male,17,Son
9823456701,Priya Jadhav,Female,14,Daughter
9823456701,Kamalabai Jadhav,Female,68,Mother
8734561290,Ajay Pawar,Male,40,Husband
8734561290,Pooja Pawar,Female,10,Daughter
7654321980,Vimal Kulkarni,Female,50,Spouse
9345678120,Santosh Bhosale,Male,33,Husband
9345678120,Om Bhosale,Male,6,Son
9345678120,Sakshi Bhosale,Female,3,Daughter
9871234560,Manoj Chavan,Male,37,Husband
9871234560,Aditya Chavan,Male,12,Son
9871234560,Sneha Chavan,Female,9,Daughter
9871234560,Rohan Chavan,Male,5,Son
9871234560,Yashodabai Chavan,Female,65,Mother-in-law
7896541230,Anjali Jagtap,Female,43,Spouse
7896541230,Suraj Jagtap,Male,19,Son
8456123790,Dilip Wagh,Male,44,Husband
8456123790,Komal Wagh,Female,15,Daughter
8456123790,Akash Wagh,Male,11,Son
9765432180,Shalan More,Female,62,Spouse
8912345670,Vishal Gaikwad,Male,48,Husband
8912345670,Pallavi Gaikwad,Female,20,Daughter
8912345670,Ketan Gaikwad,Male,16,Son
8912345670,Sarika Gaikwad,Female,13,Daughter
